상품이름,가격
[미국반] The Alchemist – Rapper‘s Best Friend 2 (An Instrumental Series),18000
매일하는 이별 Ami (싱글앨범),3500
Amuro Namie - Ballada [CD+DVD][통상반],46000
Rickie Lee Jones - Naked Songs,9800
[유럽반] Semtex – The Spring Sampler 2002,8900
Gary Moore - Ballads & Blues 1982-1994,8700
Anri [杏里] (안리) - Summer Farewells [일본반],22000
[수입] And Then There Was X,9000
뮤지컬 맘마미아! : 오리지널 캐스팅 스페셜 에디션 - O.S.T.,4500
"Wynton Marsalis - Marsalis Standard Time, Vol. 1",7800
"[일본반] Apathy – It‘s The Bootleg, Muthaf*ckas! Volume One",30000
Leaving Lasvegas,9400
Kazumasa Oda - Sometime Somewhere,8700
아이샤 Aisha - 꿈,8000
Tsuyoshi Nagabuchi - Japan,9800
[유럽반] Anderson .Paak – Malibu,22000
Wink - Twin Memories,9000
Anri [杏里] (안리) - Circuit Of Rainbow [일본반],23000
Moritaka Chisato - New Season,30000
"수입 Puss N Boots – No Fools, No Fun[Digipak, Gatefold] - [SHM-CD+DVD]-(Universal Music Japan)",39000
[미국반] Jungle Brothers – J. Beez Wit The Remedy,15000
ODA YUJI - Singles,9000
PLAVE - 미니 1집 ASTERUM : The Shape of Things to Come,9000
[CD] Ballads Forever New Hit Music,10000
